key,value,expires_at
fingerprint:session:cc62a1699d0e1b824890b1fd064831b6f6da4de82f781d3597a394e133311edf:1749553735,"{""ip_address"": ""103.48.102.181"", ""user_agent"": ""Mozilla/5.0 (Windows NT 10.0; Win64; x64; rv:139.0) Gecko/20100101 Firefox/139.0"", ""accept_language"": ""en-US,en;q=0.5"", ""accept_encoding"": ""gzip, deflate, br, zstd"", ""connection_type"": """", ""x_forwarded_for"": ""103.48.102.181"", ""referer"": """"}",1749555535
fingerprint:session:b02daa871f883197a14942e3f9e3dd40ea10d5fee4b6604da9f7c46824d41f81:1749553736,"{""ip_address"": ""103.48.102.181"", ""user_agent"": ""Mozilla/5.0 (Windows NT 10.0; Win64; x64; rv:139.0) Gecko/20100101 Firefox/139.0"", ""accept_language"": ""en-US,en;q=0.5"", ""accept_encoding"": ""gzip, deflate, br, zstd"", ""connection_type"": """", ""x_forwarded_for"": ""103.48.102.181"", ""referer"": ""https://waf.bayesiancybersecurity.com/?q=%3Cscript%3Ealert(%27xss%27)%3C/script%3E""}",1749555536
fingerprint:session:b02daa871f883197a14942e3f9e3dd40ea10d5fee4b6604da9f7c46824d41f81:1749553740,"{""ip_address"": ""103.48.102.181"", ""user_agent"": ""Mozilla/5.0 (Windows NT 10.0; Win64; x64; rv:139.0) Gecko/20100101 Firefox/139.0"", ""accept_language"": ""en-US,en;q=0.5"", ""accept_encoding"": ""gzip, deflate, br, zstd"", ""connection_type"": """", ""x_forwarded_for"": ""103.48.102.181"", ""referer"": ""https://waf.bayesiancybersecurity.com/?q=%3Cscript%3Ealert(%27xss%27)%3C/script%3E""}",1749555540
fingerprint:session:eb80ee7da538072acc1c57c4bcf8442e07ec8a4c5f923f7455e50928e5405529:1749553740,"{""ip_address"": ""103.48.102.181"", ""user_agent"": ""Mozilla/5.0 (Windows NT 10.0; Win64; x64; rv:139.0) Gecko/20100101 Firefox/139.0"", ""accept_language"": ""en-US,en;q=0.5"", ""accept_encoding"": ""gzip, deflate, br, zstd"", ""connection_type"": """", ""x_forwarded_for"": ""103.48.102.181"", ""referer"": ""https://waf.bayesiancybersecurity.com/content.html""}",1749555540
fingerprint:session:7457b68ba18179550be67222d78d8ca2d638c1897af8cbe6d013e27907b3ca27:1749553740,"{""ip_address"": ""103.48.102.181"", ""user_agent"": ""Mozilla/5.0 (Windows NT 10.0; Win64; x64; rv:139.0) Gecko/20100101 Firefox/139.0"", ""accept_language"": ""en-US,en;q=0.5"", ""accept_encoding"": ""gzip, deflate, br, zstd"", ""connection_type"": """", ""x_forwarded_for"": ""103.48.102.181"", ""referer"": ""https://waf.bayesiancybersecurity.com/dashboard.html""}",1749555540
fingerprint:session:eb80ee7da538072acc1c57c4bcf8442e07ec8a4c5f923f7455e50928e5405529:1749553743,"{""ip_address"": ""103.48.102.181"", ""user_agent"": ""Mozilla/5.0 (Windows NT 10.0; Win64; x64; rv:139.0) Gecko/20100101 Firefox/139.0"", ""accept_language"": ""en-US,en;q=0.5"", ""accept_encoding"": ""gzip, deflate, br, zstd"", ""connection_type"": """", ""x_forwarded_for"": ""103.48.102.181"", ""referer"": ""https://waf.bayesiancybersecurity.com/content.html""}",1749555543
fingerprint:session:fc26c6a3222d1ab9593ee6adbaf59194f26828ff2b60f79584d9f3e6ed404066:1749553743,"{""ip_address"": ""103.48.102.181"", ""user_agent"": ""Mozilla/5.0 (Windows NT 10.0; Win64; x64; rv:139.0) Gecko/20100101 Firefox/139.0"", ""accept_language"": ""en-US,en;q=0.5"", ""accept_encoding"": ""gzip, deflate, br, zstd"", ""connection_type"": """", ""x_forwarded_for"": ""103.48.102.181"", ""referer"": ""https://waf.bayesiancybersecurity.com/logout""}",1749555543
fingerprint:session:14c072fca6e0e228f3b4608eb261c2c7bce0c7d4c0cd33bc01cfd1be20601b71:1749553743,"{""ip_address"": ""103.48.102.181"", ""user_agent"": ""Mozilla/5.0 (Windows NT 10.0; Win64; x64; rv:139.0) Gecko/20100101 Firefox/139.0"", ""accept_language"": ""en-US,en;q=0.5"", ""accept_encoding"": ""gzip, deflate, br, zstd"", ""connection_type"": """", ""x_forwarded_for"": ""103.48.102.181"", ""referer"": ""https://waf.bayesiancybersecurity.com/""}",1749555543
fingerprint:session:7bf36361ec6d7eb82a3669b9f6702e521bb18c80b7c251aa7dda4b207dad0b87:1749554767,"{""ip_address"": ""23.27.145.77"", ""user_agent"": ""Mozilla/5.0 (X11; Linux i686; rv:109.0) Gecko/20100101 Firefox/120.0"", ""accept_language"": ""en-US,en;q=0.5"", ""accept_encoding"": ""gzip, deflate"", ""connection_type"": """", ""x_forwarded_for"": ""23.27.145.77"", ""referer"": """"}",1749556567
fingerprint:session:a64f4f1524760c8ee3006678fb4cb0d478033b3c0f631297429b9a51c0df2dd9:1749555012,"{""ip_address"": ""146.148.7.25"", ""user_agent"": ""python-requests/2.32.3"", ""accept_language"": """", ""accept_encoding"": ""gzip, deflate"", ""connection_type"": """", ""x_forwarded_for"": ""146.148.7.25"", ""referer"": """"}",1749556812
fingerprint:session:e56f5f9a554d016dab36dbf309a47e89b303d8250285fc853e697c35ad52dd79:1749555057,"{""ip_address"": ""176.65.149.160"", ""user_agent"": ""Mozilla/5.0 (X11; Linux x86_64; rv:138.0) Gecko/20100101 Firefox/138.0"", ""accept_language"": """", ""accept_encoding"": """", ""connection_type"": """", ""x_forwarded_for"": ""176.65.149.160"", ""referer"": """"}",1749556857
